半球,纬度带,样本数,平均RMS改善量,RMS改善量标准差,RMS改善率(%),平均3D位置改善量,3D位置改善量标准差,3D位置改善率(%)
北半球,中纬,4,-0.04753070833333162,0.08727393756900276,-0.32147721159126674,-1.3497068810327866,1.9518513390147765,-4.963620852606427
北半球,低纬,8,0.16673035416666526,0.1853257813871859,1.4818278529445563,7.243239160258041,3.9662451494471793,26.252752253628376
北半球,高纬,4,0.0029340625000009446,0.051952907619472126,0.022297232172189624,-2.768940866513364,0.9364539009984324,-5.7619469618572
南半球,中纬,4,0.12980708333333313,0.18086387723800626,0.8116143777938835,-2.8193817287711926,2.535301736575629,-4.728011518224529
南半球,高纬,4,0.016755916666665094,0.02992564409606828,0.07538141491520933,0.7668839415670412,0.6873396775067535,1.7469813323874683
