纬度带,样本数,平均RMS改善量,RMS改善量标准差,RMS改善率(%),平均3D位置改善量,3D位置改善量标准差,3D位置改善率(%)
高纬,8,0.00984498958333302,0.03993929976361434,0.04883932354369948,-1.0010284624731614,2.0372340972779903,-2.0074828147348662
中纬,8,0.041138187500000756,0.1620770678727108,0.24506858310130838,-2.0845443049019896,2.237100289962156,-4.845816185415478
低纬,8,0.16673035416666526,0.1853257813871859,1.4818278529445563,7.243239160258041,3.9662451494471793,26.252752253628376
